{"cameraMode":{"drawMode":0,"name":"Shaded","section":"Shading Mode"},"sceneLighting":true,"audioPlay":false,"sceneViewState":{"showFog":true,"showMaterialUpdate":false,"showSkybox":true,"showFlares":true,"showImageEffects":true,"showParticleSystems":true},"in2DMode":false,"pivot":{"x":0.5070000290870667,"y":0.7939386963844299,"z":0.550000011920929},"rotation":{"x":-0.2374999076128006,"y":0.31420862674713137,"z":-0.08150850236415863,"w":-0.9155452847480774},"size":2.6458899974823,"orthographic":false}