{"cameraMode":{"drawMode":0,"name":"Shaded","section":"Shading Mode"},"sceneLighting":false,"audioPlay":false,"sceneViewState":{"showFog":true,"showMaterialUpdate":false,"showSkybox":true,"showFlares":true,"showImageEffects":true,"showParticleSystems":true},"in2DMode":false,"pivot":{"x":0.08350002765655518,"y":1.0,"z":0.1525000035762787},"rotation":{"x":-0.2762084901332855,"y":-0.07860632240772248,"z":0.022672628983855249,"w":-0.9576094746589661},"size":4.385684967041016,"orthographic":false}