{"cameraMode":{"drawMode":0,"name":"Shaded","section":"Shading Mode"},"sceneLighting":false,"audioPlay":false,"sceneViewState":{"showFog":true,"showMaterialUpdate":false,"showSkybox":true,"showFlares":true,"showImageEffects":true,"showParticleSystems":true},"in2DMode":false,"pivot":{"x":0.020937711000442506,"y":1.0,"z":0.3050130605697632},"rotation":{"x":-0.024335168302059175,"y":0.9355761408805847,"z":-0.3460890054702759,"w":-0.0657845139503479},"size":3.5686142444610597,"orthographic":false}