{"cameraMode":{"drawMode":0,"name":"Shaded","section":"Shading Mode"},"sceneLighting":false,"audioPlay":false,"sceneViewState":{"showFog":true,"showMaterialUpdate":false,"showSkybox":true,"showFlares":true,"showImageEffects":true,"showParticleSystems":true},"in2DMode":false,"pivot":{"x":-2.9852046966552736,"y":-4.040090560913086,"z":12.847907066345215},"rotation":{"x":-0.2374999076128006,"y":0.31420862674713137,"z":-0.08150850236415863,"w":-0.9155452847480774},"size":4.041658401489258,"orthographic":false}