{"cameraMode":{"drawMode":0,"name":"Shaded","section":"Shading Mode"},"sceneLighting":true,"audioPlay":false,"sceneViewState":{"showFog":true,"showMaterialUpdate":false,"showSkybox":true,"showFlares":true,"showImageEffects":true,"showParticleSystems":true},"in2DMode":false,"pivot":{"x":4.142961025238037,"y":-5.735656261444092,"z":-1.1276626586914063},"rotation":{"x":-0.2762084901332855,"y":-0.07860632240772248,"z":0.022672628983855249,"w":-0.9576094746589661},"size":18.56093978881836,"orthographic":false}