{"cameraMode":{"drawMode":0,"name":"Shaded","section":"Shading Mode"},"sceneLighting":false,"audioPlay":false,"sceneViewState":{"showFog":true,"showMaterialUpdate":false,"showSkybox":true,"showFlares":true,"showImageEffects":true,"showParticleSystems":true},"in2DMode":false,"pivot":{"x":0.41061848402023318,"y":1.00469970703125,"z":0.3995344638824463},"rotation":{"x":-0.2762084901332855,"y":-0.07860632240772248,"z":0.022672628983855249,"w":-0.9576094746589661},"size":0.40587660670280459,"orthographic":false}