{"cameraMode":{"drawMode":0,"name":"Shaded","section":"Shading Mode"},"sceneLighting":false,"audioPlay":false,"sceneViewState":{"showFog":true,"showMaterialUpdate":false,"showSkybox":true,"showFlares":true,"showImageEffects":true,"showParticleSystems":true},"in2DMode":false,"pivot":{"x":-5.886009216308594,"y":4.147815704345703,"z":0.003314971923828125},"rotation":{"x":-0.05390094965696335,"y":-0.9418565630912781,"z":0.2759655714035034,"w":-0.18396760523319245},"size":10.631999969482422,"orthographic":false}