{"cameraMode":{"drawMode":0,"name":"Shaded","section":"Shading Mode"},"sceneLighting":false,"audioPlay":false,"sceneViewState":{"showFog":true,"showMaterialUpdate":false,"showSkybox":true,"showFlares":true,"showImageEffects":true,"showParticleSystems":true},"in2DMode":false,"pivot":{"x":-4.050921440124512,"y":2.679854154586792,"z":6.875514984130859},"rotation":{"x":0.048277631402015689,"y":0.9252223372459412,"z":-0.3546370565891266,"w":0.12595808506011964},"size":3.7823431491851808,"orthographic":false}