{"cameraMode":{"drawMode":0,"name":"Shaded","section":"Shading Mode"},"sceneLighting":false,"audioPlay":false,"sceneViewState":{"showFog":true,"showMaterialUpdate":false,"showSkybox":true,"showFlares":true,"showImageEffects":true,"showParticleSystems":true},"in2DMode":false,"pivot":{"x":0.08350002765655518,"y":1.0,"z":0.1525000035762787},"rotation":{"x":0.08765644580125809,"y":-0.5818185210227966,"z":0.0632680132985115,"w":0.8061022162437439},"size":4.385684967041016,"orthographic":false}