{"cameraMode":{"drawMode":0,"name":"Shaded","section":"Shading Mode"},"sceneLighting":false,"audioPlay":false,"sceneViewState":{"showFog":true,"showMaterialUpdate":false,"showSkybox":true,"showFlares":true,"showImageEffects":true,"showParticleSystems":true},"in2DMode":false,"pivot":{"x":-26.80000114440918,"y":-5.271336555480957,"z":57.70000076293945},"rotation":{"x":-0.2870156764984131,"y":-0.0926402136683464,"z":0.027901381254196168,"w":-0.9530274271965027},"size":231.26141357421876,"orthographic":false}