{"cameraMode":{"drawMode":0,"name":"Shaded","section":"Shading Mode"},"sceneLighting":true,"audioPlay":false,"sceneViewState":{"showFog":true,"showMaterialUpdate":false,"showSkybox":true,"showFlares":true,"showImageEffects":true,"showParticleSystems":true},"in2DMode":false,"pivot":{"x":-11.94627571105957,"y":-19.40404510498047,"z":21.53108024597168},"rotation":{"x":-0.5933735370635986,"y":-0.03691434487700462,"z":0.02725820615887642,"w":-0.8036182522773743},"size":18.920936584472658,"orthographic":false}