{"cameraMode":{"drawMode":0,"name":"Shaded","section":"Shading Mode"},"sceneLighting":false,"audioPlay":false,"sceneViewState":{"showFog":true,"showMaterialUpdate":false,"showSkybox":true,"showFlares":true,"showImageEffects":true,"showParticleSystems":true},"in2DMode":false,"pivot":{"x":-14.8100004196167,"y":13.369999885559082,"z":9.640000343322754},"rotation":{"x":-0.05390094965696335,"y":-0.9418565630912781,"z":0.2759655714035034,"w":-0.18396760523319245},"size":2.6069998741149904,"orthographic":false}