{"cameraMode":{"drawMode":0,"name":"Shaded","section":"Shading Mode"},"sceneLighting":false,"audioPlay":false,"sceneViewState":{"showFog":true,"showMaterialUpdate":false,"showSkybox":true,"showFlares":true,"showImageEffects":true,"showParticleSystems":true},"in2DMode":false,"pivot":{"x":0.10652714967727661,"y":0.007815375924110413,"z":0.162433460354805},"rotation":{"x":-0.11501190811395645,"y":-0.7895798683166504,"z":0.15597009658813477,"w":-0.5822449922561646},"size":0.4041658341884613,"orthographic":false}