{"cameraMode":{"drawMode":0,"name":"Shaded","section":"Shading Mode"},"sceneLighting":true,"audioPlay":false,"sceneViewState":{"showFog":true,"showMaterialUpdate":false,"showSkybox":true,"showFlares":true,"showImageEffects":true,"showParticleSystems":true},"in2DMode":false,"pivot":{"x":115.01521301269531,"y":-57.74505615234375,"z":-353.10711669921877},"rotation":{"x":-0.013107703067362309,"y":-0.9818169474601746,"z":0.07379849255084992,"w":-0.17440643906593324},"size":417.37078857421877,"orthographic":false}