{"cameraMode":{"drawMode":0,"name":"Shaded","section":"Shading Mode"},"sceneLighting":false,"audioPlay":false,"sceneViewState":{"showFog":true,"showMaterialUpdate":false,"showSkybox":true,"showFlares":true,"showImageEffects":true,"showParticleSystems":true},"in2DMode":false,"pivot":{"x":-49.13840103149414,"y":2.4732348918914797,"z":33.00468063354492},"rotation":{"x":-0.0894404798746109,"y":0.10110891610383988,"z":-0.009125174954533577,"w":-0.9908047914505005},"size":16.7152042388916,"orthographic":false}