{"cameraMode":{"drawMode":0,"name":"Shaded","section":"Shading Mode"},"sceneLighting":false,"audioPlay":false,"sceneViewState":{"showFog":true,"showMaterialUpdate":false,"showSkybox":true,"showFlares":true,"showImageEffects":true,"showParticleSystems":true},"in2DMode":false,"pivot":{"x":0.09557652473449707,"y":0.5125746726989746,"z":0.1257174015045166},"rotation":{"x":-0.05678106099367142,"y":-0.9419611096382141,"z":0.25767993927001955,"w":-0.20757262408733369},"size":3.4239912033081056,"orthographic":false}