{"cameraMode":{"drawMode":0,"name":"Shaded","section":"Shading Mode"},"sceneLighting":false,"audioPlay":false,"sceneViewState":{"showFog":true,"showMaterialUpdate":false,"showSkybox":true,"showFlares":true,"showImageEffects":true,"showParticleSystems":true},"in2DMode":false,"pivot":{"x":0.08350002765655518,"y":1.0,"z":0.1525000035762787},"rotation":{"x":-0.00284271570853889,"y":0.8071228265762329,"z":-0.003887115279212594,"w":-0.5903639197349548},"size":4.385684967041016,"orthographic":false}