{"cameraMode":{"drawMode":0,"name":"Shaded","section":"Shading Mode"},"sceneLighting":false,"audioPlay":false,"sceneViewState":{"showFog":true,"showMaterialUpdate":false,"showSkybox":true,"showFlares":true,"showImageEffects":true,"showParticleSystems":true},"in2DMode":false,"pivot":{"x":-2.5811212062835695,"y":-0.09128093719482422,"z":9.356555938720704},"rotation":{"x":-0.05390094965696335,"y":-0.9418565630912781,"z":0.2759655714035034,"w":-0.18396760523319245},"size":34.77894973754883,"orthographic":false}