{"cameraMode":{"drawMode":0,"name":"Shaded","section":"Shading Mode"},"sceneLighting":false,"audioPlay":false,"sceneViewState":{"showFog":true,"showMaterialUpdate":false,"showSkybox":true,"showFlares":true,"showImageEffects":true,"showParticleSystems":true},"in2DMode":false,"pivot":{"x":0.0007394552230834961,"y":1.5730425119400025,"z":1.273366093635559},"rotation":{"x":0.046150438487529758,"y":0.9535158276557922,"z":-0.19728536903858186,"w":0.22306108474731446},"size":1.542400598526001,"orthographic":false}