{"cameraMode":{"drawMode":0,"name":"Shaded","section":"Shading Mode"},"sceneLighting":false,"audioPlay":false,"sceneViewState":{"showFog":true,"showMaterialUpdate":false,"showSkybox":true,"showFlares":true,"showImageEffects":true,"showParticleSystems":true},"in2DMode":false,"pivot":{"x":-10.818207740783692,"y":2.8728699684143068,"z":2.7519004344940187},"rotation":{"x":0.02839456871151924,"y":0.08505632728338242,"z":-0.0024248624686151745,"w":0.9959685206413269},"size":8.800524711608887,"orthographic":false}