{"cameraMode":{"drawMode":0,"name":"Shaded","section":"Shading Mode"},"sceneLighting":true,"audioPlay":false,"sceneViewState":{"showFog":true,"showMaterialUpdate":false,"showSkybox":true,"showFlares":true,"showImageEffects":true,"showParticleSystems":true},"in2DMode":false,"pivot":{"x":-23.505857467651368,"y":0.8734740018844605,"z":55.4483642578125},"rotation":{"x":0.07720586657524109,"y":0.9226416349411011,"z":-0.25835496187210085,"w":0.27572527527809145},"size":-6.148963928222656,"orthographic":false}