{"cameraMode":{"drawMode":0,"name":"Shaded","section":"Shading Mode"},"sceneLighting":true,"audioPlay":false,"sceneViewState":{"showFog":true,"showMaterialUpdate":false,"showSkybox":true,"showFlares":true,"showImageEffects":true,"showParticleSystems":true},"in2DMode":false,"pivot":{"x":-0.2922992706298828,"y":0.4559359550476074,"z":1.1733440160751343},"rotation":{"x":0.26849526166915896,"y":0.524796724319458,"z":-0.17887748777866364,"w":0.7877192497253418},"size":3.3381707668304445,"orthographic":false}