{"cameraMode":{"drawMode":0,"name":"Shaded","section":"Shading Mode"},"sceneLighting":false,"audioPlay":false,"sceneViewState":{"showFog":true,"showMaterialUpdate":false,"showSkybox":true,"showFlares":true,"showImageEffects":true,"showParticleSystems":true},"in2DMode":false,"pivot":{"x":2.7699999809265138,"y":1.2100000381469727,"z":8.789999961853028},"rotation":{"x":0.1241639256477356,"y":0.8282913565635681,"z":-0.20269784331321717,"w":0.5073760151863098},"size":24.520645141601564,"orthographic":false}