{"cameraMode":{"drawMode":0,"name":"Shaded","section":"Shading Mode"},"sceneLighting":false,"audioPlay":false,"sceneViewState":{"showFog":true,"showMaterialUpdate":false,"showSkybox":true,"showFlares":true,"showImageEffects":true,"showParticleSystems":true},"in2DMode":false,"pivot":{"x":-1.1328089237213135,"y":0.027227012440562249,"z":0.6569297313690186},"rotation":{"x":-0.20475523173809052,"y":0.43572551012039187,"z":-0.10249142348766327,"w":-0.8704677820205689},"size":5.142400741577148,"orthographic":false}