{"cameraMode":{"drawMode":0,"name":"Shaded","section":"Shading Mode"},"sceneLighting":false,"audioPlay":false,"sceneViewState":{"showFog":true,"showMaterialUpdate":false,"showSkybox":true,"showFlares":true,"showImageEffects":true,"showParticleSystems":true},"in2DMode":false,"pivot":{"x":-18.27161979675293,"y":-1.0079596042633057,"z":40.932518005371097},"rotation":{"x":0.09515896439552307,"y":-0.5446228981018066,"z":0.06236929073929787,"w":0.8309276103973389},"size":10.949380874633789,"orthographic":false}