{"cameraMode":{"drawMode":0,"name":"Shaded","section":"Shading Mode"},"sceneLighting":false,"audioPlay":false,"sceneViewState":{"showFog":true,"showMaterialUpdate":false,"showSkybox":true,"showFlares":true,"showImageEffects":true,"showParticleSystems":true},"in2DMode":false,"pivot":{"x":-23.549999237060548,"y":1.7324999570846558,"z":0.3199999928474426},"rotation":{"x":-0.028978636488318445,"y":-0.8802857995033264,"z":0.05422789230942726,"w":-0.4704430401325226},"size":5.430837631225586,"orthographic":false}