{"cameraMode":{"drawMode":0,"name":"Shaded","section":"Shading Mode"},"sceneLighting":false,"audioPlay":false,"sceneViewState":{"showFog":true,"showMaterialUpdate":false,"showSkybox":true,"showFlares":true,"showImageEffects":true,"showParticleSystems":true},"in2DMode":false,"pivot":{"x":-0.20026235282421113,"y":0.5746138691902161,"z":1.1467540264129639},"rotation":{"x":0.26849526166915896,"y":0.524796724319458,"z":-0.17887748777866364,"w":0.7877192497253418},"size":3.7503600120544435,"orthographic":false}