{"cameraMode":{"drawMode":0,"name":"Shaded","section":"Shading Mode"},"sceneLighting":false,"audioPlay":false,"sceneViewState":{"showFog":true,"showMaterialUpdate":false,"showSkybox":true,"showFlares":true,"showImageEffects":true,"showParticleSystems":true},"in2DMode":false,"pivot":{"x":0.41061848402023318,"y":1.00469970703125,"z":0.3995344638824463},"rotation":{"x":-0.07720586657524109,"y":-0.9226416349411011,"z":0.25835496187210085,"w":-0.2757253050804138},"size":0.40587660670280459,"orthographic":false}